{"data":{"country":"s{\"w\":\"in\"}","countryExpiresAt":"s{\"w\":1600324634}","dblTrack":"s{\"w\":{\"uuid\":\"c482cbb7-c039-4877-85a9-d2a4591f886a\",\"time\":1600318344514}}","dprm":"n1596786468184","experiments.config":"s{\"w\":null}","experiments.main":"s{\"w\":null}","helperTestInitEventDate":"s{\"w\":1600324334988}","helperUUidCid":"s{\"w\":\"f173c7e3e36c4aee73a\"}","lc":"s{\"w\":false}","liteStorage":"s{\"w\":{\"lastVersion\":\"9.11.2\",\"lastVersionExpire\":1600458619,\"fromIdTimeout\":1596808068,\"trackTimeout\":1600361490,\"fromId\":-1}}","onceShowYtTooltip":"s{\"w\":0}","onceShowYtTutorial":"s{\"w\":1}","onceTrackAviaBar":"s{\"w\":0}","sdc_data":"s{\"pid\":\"bff693b9cfc9273add75f907173e6ae\",\"lastFocusedUrl\":null,\"q\":\"https://www.youtube.com/watch?v=aTgUdwEcK8c&list=UUzR0Ks8Hn8to79j72eULHYQ&index=6\",\"hreferer\":\"\",\"_active\":\"https://www.youtube.com/watch?v=aTgUdwEcK8c&list=UUzR0Ks8Hn8to79j72eULHYQ&index=6\",\"prev\":\"https://www.youtube.com/watch?v=v6aWjMQUDQk\"}","showUmmyLanding":"s{\"w\":1}","ummyDetected":"s{\"w\":0}","uuid":"s{\"w\":\"22336ac9-6b5d-424e-add3-37ee18817feb\"}","version":"s{\"w\":\"9.6.2\"}","ytLastITag":"s{\"w\":\"18\"}","ytLastSignature":"s{\"w\":{\"sts\":18519,\"actionList\":[[\"swap\",32],[\"reverse\",null],[\"splice\",1],[\"reverse\",null],[\"splice\",3],[\"reverse\",null],[\"swap\",28],[\"splice\",1]],\"expiresAt\":1600339884,\"playerUrl\":\"https://www.youtube.com/s/player/e0d83c30/player_ias.vflset/en_GB/base.js\"}}"},"ts":1600324342107}