{"options":{"awareOfChrome":false,"check_for_updates":true,"comment":null,"compat_arrayleft":false,"compat_foreach":false,"compat_forvarin":false,"compat_metadata":false,"compat_uW_gmonkey":false,"compat_wrappedjsobject":false,"compatopts_for_requires":true,"noframes":null,"override":{"merge_connects":true,"merge_excludes":true,"merge_includes":true,"merge_matches":true,"orig_connects":["vk.com","vk.me","userapi.com","vkuseraudio.net","vkuservideo.net","vk-cdn.net","youtube.com","youtube-nocookie.com","ytimg.com","googlevideo.com","video.google.com","google-analytics.com","api.amplitude.com","dailymotion.com","vimeo.com","vimeocdn.com","akamaized.net","odnoklassniki.ru","ok.ru","cdn-ok.com","mycdn.me","pladform.ru","clipyou.ru","soundcloud.com","sndcdn.com","mail.ru","176.9.38.116","cdninstagram.com","fbcdn.net","facebook.com","sf-helper.com","savefr.com","travelbar.tools","promobar.tools","savefrom.net","self","*"],"orig_excludes":["http://forum.rsload.net/*","https://www.catalog.update.microsoft.com/*"],"orig_includes":["http://www.youtube.com/*","https://www.youtube.com/*"],"orig_matches":[],"orig_noframes":null,"orig_run_at":"document-end","use_blockers":[],"use_connects":[],"use_excludes":[],"use_includes":[],"use_matches":[]},"run_at":null},"settings":{"enabled":true,"position":3},"meta":{"name":"SaveFrom.net helper","uuid":"a37dbecc-4318-4dfa-8c37-a5eedd72966f","modified":1597821326551,"file_url":"https://download.sf-helper.com/chrome/helper.user.js"}}