{"data":{"country":"s{\"w\":\"in\"}","countryExpiresAt":"s{\"w\":1599547294}","dblTrack":"s{\"w\":{\"uuid\":\"4cb75d3c-bf88-43ca-a38b-913ba92a461f\",\"time\":1599503654348}}","dprm":"n1596786468184","experiments.config":"s{\"w\":null}","experiments.main":"s{\"w\":null}","helperTestInitEventDate":"s{\"w\":1599473069149}","helperUUidCid":"s{\"w\":\"f173c7e3e36c4aee73a\"}","lc":"s{\"w\":false}","liteStorage":"s{\"w\":{\"lastVersion\":\"\",\"lastVersionExpire\":1599559469,\"fromIdTimeout\":1596808068,\"trackTimeout\":1599547296,\"fromId\":-1}}","onceShowYtTooltip":"s{\"w\":0}","onceShowYtTutorial":"s{\"w\":1}","onceTrackAviaBar":"s{\"w\":0}","sdc_data":"s{\"pid\":\"bff693b9cfc9273add75f907173e6ae\",\"lastFocusedUrl\":null,\"q\":\"https://www.youtube.com/watch?v=KrLekz4OmHM\",\"hreferer\":\"https://www.youtube.com/watch?v=-VIbhBVJhNQ\",\"_active\":\"https://www.youtube.com/watch?v=KrLekz4OmHM\",\"prev\":\"https://www.youtube.com/watch?v=6Qom7cnJcz4\"}","showUmmyLanding":"s{\"w\":1}","ummyDetected":"s{\"w\":0}","uuid":"s{\"w\":\"22336ac9-6b5d-424e-add3-37ee18817feb\"}","version":"s{\"w\":\"9.6.2\"}","ytLastITag":"s{\"w\":\"18\"}","ytLastSignature":"s{\"w\":{\"sts\":18508,\"actionList\":[[\"splice\",2],[\"swap\",28],[\"swap\",46],[\"reverse\",null],[\"splice\",1]],\"expiresAt\":1599564954,\"playerUrl\":\"https://www.youtube.com/s/player/8c24a503/player_ias.vflset/en_GB/base.js\"}}"},"ts":1599548075708}