{"data":{"button":"s{\"w\":1}","country":"s{\"w\":\"in\"}","countryExpiresAt":"s{\"w\":1601374343}","dblTrack":"s{\"w\":{\"uuid\":\"7ddc6fa3-a130-4f30-ab58-8cefbba11a2e\",\"time\":1601185505781}}","dprm":"n1596786468184","experiments.config":"s{\"w\":null}","experiments.main":"s{\"w\":null}","helperTestInitEventDate":"s{\"w\":1601314044780}","helperUUidCid":"s{\"w\":\"f173c7e3e36c4aee73a\"}","lc":"s{\"w\":false}","liteStorage":"s{\"w\":{\"lastVersion\":\"\",\"lastVersionExpire\":1601400444,\"fromIdTimeout\":1596808068,\"trackTimeout\":1601314344,\"fromId\":-1}}","onceShowYtTooltip":"s{\"w\":0}","onceShowYtTutorial":"s{\"w\":1}","onceTrackAviaBar":"s{\"w\":0}","sdc_data":"s{\"pid\":\"bff693b9cfc9273add75f907173e6ae\",\"lastFocusedUrl\":null,\"q\":\"https://www.youtube.com/watch?v=xdi_yuSgQw8&list=PLfQ13d1KeBzsaUXlvgx3fqmU9_kd9H3ic&index=309\",\"hreferer\":\"https://www.google.com/\",\"_active\":\"https://www.youtube.com/watch?v=xdi_yuSgQw8&list=PLfQ13d1KeBzsaUXlvgx3fqmU9_kd9H3ic&index=309\",\"prev\":\"https://www.youtube.com/watch?v=vVth4vWqTKA\"}","showUmmyLanding":"s{\"w\":1}","ummyDetected":"s{\"w\":0}","uuid":"s{\"w\":\"22336ac9-6b5d-424e-add3-37ee18817feb\"}","version":"s{\"w\":\"9.6.2\"}","ytLastITag":"s{\"w\":\"22\"}","ytLastSignature":"s{\"w\":{\"sts\":18529,\"actionList\":[[\"splice\",1],[\"reverse\",null],[\"splice\",2]],\"expiresAt\":1601247994,\"playerUrl\":\"https://www.youtube.com/s/player/12237e3d/player_ias.vflset/en_GB/base.js\"}}"},"ts":1601314055315}